date,geography,geographycode,Age:Allusualresidentsmeasures:Value,Toddlers,Teenagers,Adult,Oldage,NationalIdentity:Allcategories:NationalidentityOthermeasures:Value,NationalIdentity:Otheridentitiesonlymeasures:Value,NationalIdentity:OtheridentitiesandatleastoneofEnglish/Welsh/Scottish/NorthernIrish/Britishonlymeasures:Value,NationalIdentity:AtleastoneofEnglish/Welsh/Scottish/NorthernIrish/Britishidentitiesonlymeasures:Value,Long-termhealthproblem,Verygoodhealth,Goodhealth,Fairhealth,Badhealth,Verybadhealth,death_number,percentage_toddlers,percentgae_adult,percentage_oldage,percentage_oldage,percentgae_otheridentities,percentage_OtheridentitiesandatleastoneofEnglish,percentgae_AtleastoneofEnglish,percentage_Verygoodhealth,percentage_Goodhealth,percentage_Fairhealth,percentage_Badhealth,percentage_Verybadhealth,percentage_coviddeath
2011,Adur,E07000223,61182,6647,6713,17955,29867,61182,1846,353,58983,61182,26107,22373,9181,2757,764,113,10.86%,10.97%,29.35%,48.82%,3.02%,0.58%,96.41%,42.67%,36.57%,15.01%,4.51%,1.25%,0.18%
2011,Allerdale,E07000026,96422,9627,11260,26978,48557,96422,1350,244,94828,96422,42887,33297,14210,4762,1266,384,9.98%,11.68%,27.98%,50.36%,1.40%,0.25%,98.35%,44.48%,34.53%,14.74%,4.94%,1.31%,0.40%
2011,Amber Valley,E07000032,122309,12791,14507,36961,58050,122309,2009,332,119968,122309,53826,42795,18336,5810,1542,445,10.46%,11.86%,30.22%,47.46%,1.64%,0.27%,98.09%,44.01%,34.99%,14.99%,4.75%,1.26%,0.36%
2011,Arun,E07000224,149518,14354,15347,40183,79634,149518,8335,772,140411,149518,62774,54975,23299,6608,1862,439,9.60%,10.26%,26.88%,53.26%,5.57%,0.52%,93.91%,41.98%,36.77%,15.58%,4.42%,1.25%,0.29%
2011,Ashfield,E07000170,119497,14076,14526,38521,52374,119497,2136,246,117115,119497,50253,41200,19484,6764,1796,467,11.78%,12.16%,32.24%,43.83%,1.79%,0.21%,98.01%,42.05%,34.48%,16.31%,5.66%,1.50%,0.39%
2011,Ashford,E07000105,117956,15129,15459,36305,51063,117956,6578,693,110685,117956,56128,41385,15027,4163,1253,434,12.83%,13.11%,30.78%,43.29%,5.58%,0.59%,93.84%,47.58%,35.09%,12.74%,3.53%,1.06%,0.37%
2011,Aylesbury Vale,E07000004,174137,21889,22151,55795,74302,174137,9979,1487,162671,174137,89515,59530,19073,4661,1358,464,12.57%,12.72%,32.04%,42.67%,5.73%,0.85%,93.42%,51.40%,34.19%,10.95%,2.68%,0.78%,0.27%
2011,Babergh,E07000200,87740,9319,10597,23597,44227,87740,2104,345,85291,87740,40875,31433,11624,3023,785,301,10.62%,12.08%,26.89%,50.41%,2.40%,0.39%,97.21%,46.59%,35.83%,13.25%,3.45%,0.89%,0.34%
2011,Barking and Dagenham,E09000002,185911,33007,25342,71487,56075,185911,36176,2810,146925,185911,87819,62720,24042,8686,2644,595,17.75%,13.63%,38.45%,30.16%,19.46%,1.51%,79.03%,47.24%,33.74%,12.93%,4.67%,1.42%,0.32%
2011,Barnet,E09000003,356386,48591,41873,139202,126720,356386,79842,9815,266729,356386,183453,117508,39172,12197,4056,972,13.63%,11.75%,39.06%,35.56%,22.40%,2.75%,74.84%,51.48%,32.97%,10.99%,3.42%,1.14%,0.27%
2011,Barnsley,E08000016,231221,26519,27768,73704,103230,231221,5041,380,225800,231221,96194,77649,37956,15278,4144,"1,152",11.47%,12.01%,31.88%,44.65%,2.18%,0.16%,97.66%,41.60%,33.58%,16.42%,6.61%,1.79%,0.50%
2011,Barrow-in-Furness,E07000027,69087,7360,8513,21036,32178,69087,998,128,67961,69087,29538,22865,10898,4542,1244,252,10.65%,12.32%,30.45%,46.58%,1.44%,0.19%,98.37%,42.75%,33.10%,15.77%,6.57%,1.80%,0.36%
2011,Basildon,E07000066,174497,22070,21929,57725,72773,174497,7012,883,166602,174497,80704,60991,23145,7355,2302,675,12.65%,12.57%,33.08%,41.70%,4.02%,0.51%,95.48%,46.25%,34.95%,13.26%,4.21%,1.32%,0.39%
2011,Basingstoke and Deane,E07000084,167799,21302,19979,57458,69060,167799,10551,1345,155903,167799,85034,58917,18047,4559,1242,375,12.69%,11.91%,34.24%,41.16%,6.29%,0.80%,92.91%,50.68%,35.11%,10.76%,2.72%,0.74%,0.22%
2011,Bassetlaw,E07000171,112863,11931,13915,33585,53432,112863,3450,298,109115,112863,48326,39138,17794,5912,1693,364,10.57%,12.33%,29.76%,47.34%,3.06%,0.26%,96.68%,42.82%,34.68%,15.77%,5.24%,1.50%,0.32%
2011,Bath and North East Somerset,E06000022,176016,17938,22850,58536,76692,176016,10003,1641,164372,176016,88882,58849,20856,5831,1598,352,10.19%,12.98%,33.26%,43.57%,5.68%,0.93%,93.38%,50.50%,33.43%,11.85%,3.31%,0.91%,0.20%
2011,Bedford,E06000055,157479,19475,20405,52612,64987,157479,17722,2067,137690,157479,73860,56663,19812,5596,1548,659,12.37%,12.96%,33.41%,41.27%,11.25%,1.31%,87.43%,46.90%,35.98%,12.58%,3.55%,0.98%,0.42%
2011,Bexley,E09000004,231997,29197,30846,76019,95935,231997,17489,2394,212114,231997,111323,80446,29015,8688,2525,743,12.59%,13.30%,32.77%,41.35%,7.54%,1.03%,91.43%,47.98%,34.68%,12.51%,3.74%,1.09%,0.32%
2011,Birmingham,E08000025,1073045,156261,153937,402173,360674,1073045,120646,11812,940587,1073045,488568,363904,148782,54105,17686,"3,676",14.56%,14.35%,37.48%,33.61%,11.24%,1.10%,87.66%,45.53%,33.91%,13.87%,5.04%,1.65%,0.34%
2011,Blaby,E07000129,93915,10770,11462,28948,42735,93915,2616,431,90868,93915,44615,33631,11764,3081,824,304,11.47%,12.20%,30.82%,45.50%,2.79%,0.46%,96.76%,47.51%,35.81%,12.53%,3.28%,0.88%,0.32%
2011,Blackburn with Darwen,E06000008,147489,21756,20540,51531,53662,147489,8238,975,138276,147489,66991,49010,20725,8428,2335,569,14.75%,13.93%,34.94%,36.38%,5.59%,0.66%,93.75%,45.42%,33.23%,14.05%,5.71%,1.58%,0.39%
2011,Blackpool,E06000009,142065,15654,16700,43963,65748,142065,4687,446,136932,142065,56600,48022,23977,10346,3120,655,11.02%,11.76%,30.95%,46.28%,3.30%,0.31%,96.39%,39.84%,33.80%,16.88%,7.28%,2.20%,0.46%
2011,Blaenau Gwent,W06000019,69814,7573,8698,22489,31054,69814,937,94,68783,69814,29269,21385,11696,5692,1772,280,10.85%,12.46%,32.21%,44.48%,1.34%,0.13%,98.52%,41.92%,30.63%,16.75%,8.15%,2.54%,0.40%
2011,Bolsover,E07000033,75866,8278,9117,23995,34476,75866,1424,147,74295,75866,30934,25423,12965,5152,1392,"1,030",10.91%,12.02%,31.63%,45.44%,1.88%,0.19%,97.93%,40.77%,33.51%,17.09%,6.79%,1.83%,1.36%
2011,Bolton,E08000001,276786,35643,35715,93076,112352,276786,15017,1484,260285,276786,125548,93765,39139,14465,3869,244,12.88%,12.90%,33.63%,40.59%,5.43%,0.54%,94.04%,45.36%,33.88%,14.14%,5.23%,1.40%,0.09%
2011,Boston,E07000136,64637,7064,7212,20403,29958,64637,9029,257,55351,64637,26298,24225,10252,3058,804,"1,162",10.93%,11.16%,31.57%,46.35%,13.97%,0.40%,85.63%,40.69%,37.48%,15.86%,4.73%,1.24%,1.80%
2011,Bournemouth,E06000028,183491,18136,19789,71135,74431,183491,19164,1674,162653,183491,84955,63260,24866,8009,2401,236,9.88%,10.78%,38.77%,40.56%,10.44%,0.91%,88.64%,46.30%,34.48%,13.55%,4.36%,1.31%,0.13%
2011,Bracknell Forest,E06000036,113205,14772,14313,40701,43419,113205,8904,1223,103078,113205,59320,38814,11394,2859,818,"1,596",13.05%,12.64%,35.95%,38.35%,7.87%,1.08%,91.05%,52.40%,34.29%,10.06%,2.53%,0.72%,1.41%
2011,Bradford,E08000032,522452,78649,71636,182928,189239,522452,41687,4571,476194,522452,234133,186031,71580,23768,6940,504,15.05%,13.71%,35.01%,36.22%,7.98%,0.87%,91.15%,44.81%,35.61%,13.70%,4.55%,1.33%,0.10%
2011,Braintree,E07000067,147084,18196,17612,46817,64459,147084,5213,682,141189,147084,69884,52492,18291,5046,1371,431,12.37%,11.97%,31.83%,43.82%,3.54%,0.46%,95.99%,47.51%,35.69%,12.44%,3.43%,0.93%,0.29%
2011,Breckland,E07000143,130491,13845,15043,37990,63613,130491,8514,571,121406,130491,55097,48663,19565,5623,1543,909,10.61%,11.53%,29.11%,48.75%,6.52%,0.44%,93.04%,42.22%,37.29%,14.99%,4.31%,1.18%,0.70%
2011,Brent,E09000005,311215,41094,36531,135184,98406,311215,101089,8140,201986,311215,149695,108169,36731,12339,4281,284,13.20%,11.74%,43.44%,31.62%,32.48%,2.62%,64.90%,48.10%,34.76%,11.80%,3.96%,1.38%,0.09%
2011,Brentwood,E07000068,73601,7983,9080,22082,34456,73601,3254,622,69725,73601,37548,24537,8565,2306,645,524,10.85%,12.34%,30.00%,46.81%,4.42%,0.85%,94.73%,51.02%,33.34%,11.64%,3.13%,0.88%,0.71%
2011,Bridgend,W06000013,139178,15306,16766,44597,62509,139178,2750,422,136006,139178,64134,41659,21002,9459,2924,760,11.00%,12.05%,32.04%,44.91%,1.98%,0.30%,97.72%,46.08%,29.93%,15.09%,6.80%,2.10%,0.55%
2011,Brighton and Hove,E06000043,273369,28306,31451,116780,96832,273369,28182,3805,241382,273369,134673,91970,32298,11151,3277,427,10.35%,11.50%,42.72%,35.42%,10.31%,1.39%,88.30%,49.26%,33.64%,11.81%,4.08%,1.20%,0.16%
2011,"Bristol, City of",E06000023,428234,52470,48744,180283,146737,428234,42186,4983,381065,428234,209024,143283,52446,18056,5425,803,12.25%,11.38%,42.10%,34.27%,9.85%,1.16%,88.99%,48.81%,33.46%,12.25%,4.22%,1.27%,0.19%
2011,Broadland,E07000144,124646,12292,14260,33985,64109,124646,2425,469,121752,124646,55219,46106,17475,4499,1347,352,9.86%,11.44%,27.27%,51.43%,1.95%,0.38%,97.68%,44.30%,36.99%,14.02%,3.61%,1.08%,0.28%
2011,Bromley,E09000006,309392,38156,36524,102138,132574,309392,24319,4057,281016,309392,154998,105574,36098,9904,2818,275,12.33%,11.81%,33.01%,42.85%,7.86%,1.31%,90.83%,50.10%,34.12%,11.67%,3.20%,0.91%,0.09%
2011,Bromsgrove,E07000234,93637,9742,11281,26570,46044,93637,1864,335,91438,93637,45932,31306,11885,3484,1030,375,10.40%,12.05%,28.38%,49.17%,1.99%,0.36%,97.65%,49.05%,33.43%,12.69%,3.72%,1.10%,0.40%
2011,Broxbourne,E07000095,93609,11725,11733,31100,39051,93609,7102,1011,85496,93609,44661,33072,11544,3357,975,384,12.53%,12.53%,33.22%,41.72%,7.59%,1.08%,91.33%,47.71%,35.33%,12.33%,3.59%,1.04%,0.41%
2011,Broxtowe,E07000172,109487,11464,12303,35419,50301,109487,5069,605,103813,109487,49831,38276,15614,4521,1245,772,10.47%,11.24%,32.35%,45.94%,4.63%,0.55%,94.82%,45.51%,34.96%,14.26%,4.13%,1.14%,0.71%
2011,Burnley,E07000117,87059,11014,10580,28304,37161,87059,2670,345,84044,87059,37372,29286,13682,5213,1506,495,12.65%,12.15%,32.51%,42.68%,3.07%,0.40%,96.54%,42.93%,33.64%,15.72%,5.99%,1.73%,0.57%
2011,Bury,E08000002,185060,23343,22906,60287,78524,185060,8482,1144,175434,185060,87128,61634,25430,8539,2329,141,12.61%,12.38%,32.58%,42.43%,4.58%,0.62%,94.80%,47.08%,33.30%,13.74%,4.61%,1.26%,0.08%
2011,Caerphilly,W06000018,178806,21743,22309,57695,77059,178806,2131,373,176302,178806,79382,54272,28488,12844,3820,369,12.16%,12.48%,32.27%,43.10%,1.19%,0.21%,98.60%,44.40%,30.35%,15.93%,7.18%,2.14%,0.21%
2011,Calderdale,E08000033,203826,24888,25192,65448,88298,203826,7496,951,195379,203826,94449,70007,28091,8929,2350,379,12.21%,12.36%,32.11%,43.32%,3.68%,0.47%,95.86%,46.34%,34.35%,13.78%,4.38%,1.15%,0.19%
2011,Cambridge,E07000008,123867,11776,15244,58924,37923,123867,27752,3309,92806,123867,67743,39600,12021,3533,970,546,9.51%,12.31%,47.57%,30.62%,22.40%,2.67%,74.92%,54.69%,31.97%,9.70%,2.85%,0.78%,0.44%
2011,Camden,E09000007,220338,24066,22117,107359,66796,220338,61640,7614,151084,220338,117692,67334,22963,9174,3175,421,10.92%,10.04%,48.72%,30.32%,27.98%,3.46%,68.57%,53.41%,30.56%,10.42%,4.16%,1.44%,0.19%
2011,Cannock Chase,E07000192,97462,11276,12105,32391,41690,97462,1186,172,96104,97462,42634,34133,14091,5121,1483,457,11.57%,12.42%,33.23%,42.78%,1.22%,0.18%,98.61%,43.74%,35.02%,14.46%,5.25%,1.52%,0.47%
2011,Canterbury,E07000106,151145,15020,21702,49522,64901,151145,10815,1401,138929,151145,70764,52338,20211,6133,1699,821,9.94%,14.36%,32.76%,42.94%,7.16%,0.93%,91.92%,46.82%,34.63%,13.37%,4.06%,1.12%,0.54%
2011,Cardiff,W06000015,346090,40458,44408,139196,122028,346090,29510,3650,312930,346090,174329,107477,42014,16745,5525,462,11.69%,12.83%,40.22%,35.26%,8.53%,1.05%,90.42%,50.37%,31.05%,12.14%,4.84%,1.60%,0.13%
2011,Carlisle,E07000028,107524,11579,12292,33794,49859,107524,3404,428,103692,107524,48593,37494,15030,4964,1443,512,10.77%,11.43%,31.43%,46.37%,3.17%,0.40%,96.44%,45.19%,34.87%,13.98%,4.62%,1.34%,0.48%
2011,Carmarthenshire,W06000010,183777,20007,21987,51921,89862,183777,5055,622,178100,183777,82638,55618,30011,11475,4035,285,10.89%,11.96%,28.25%,48.90%,2.75%,0.34%,96.91%,44.97%,30.26%,16.33%,6.24%,2.20%,0.16%
2011,Castle Point,E07000069,88011,8568,10665,24564,44214,88011,1308,247,86456,88011,38280,31786,12963,3873,1109,281,9.74%,12.12%,27.91%,50.24%,1.49%,0.28%,98.23%,43.49%,36.12%,14.73%,4.40%,1.26%,0.32%
2011,Central Bedfordshire,E06000056,254381,30976,30815,81679,110911,254381,11718,1668,240995,254381,125019,90360,29202,7672,2128,"1,237",12.18%,12.11%,32.11%,43.60%,4.61%,0.66%,94.74%,49.15%,35.52%,11.48%,3.02%,0.84%,0.49%
2011,Ceredigion,W06000008,75922,6818,10274,23088,35742,75922,3244,533,72145,75922,35796,24369,10946,3660,1151,"1,204",8.98%,13.53%,30.41%,47.08%,4.27%,0.70%,95.03%,47.15%,32.10%,14.42%,4.82%,1.52%,1.59%
2011,Charnwood,E07000130,166100,17399,21810,57345,69546,166100,8500,1184,156416,166100,79906,58637,20620,5465,1472,330,10.48%,13.13%,34.52%,41.87%,5.12%,0.71%,94.17%,48.11%,35.30%,12.41%,3.29%,0.89%,0.20%
2011,Chelmsford,E07000070,168310,19525,20001,55680,73104,168310,7401,1057,159852,168310,84476,58430,19261,4778,1365,344,11.60%,11.88%,33.08%,43.43%,4.40%,0.63%,94.97%,50.19%,34.72%,11.44%,2.84%,0.81%,0.20%
2011,Cheltenham,E07000078,115732,12175,13757,42542,47258,115732,8128,1094,106510,115732,57758,39722,13631,3637,984,237,10.52%,11.89%,36.76%,40.83%,7.02%,0.95%,92.03%,49.91%,34.32%,11.78%,3.14%,0.85%,0.20%
2011,Cherwell,E07000177,141868,18115,16996,48141,58616,141868,10281,1246,130341,141868,71403,49163,15844,4261,1197,344,12.77%,11.98%,33.93%,41.32%,7.25%,0.88%,91.87%,50.33%,34.65%,11.17%,3.00%,0.84%,0.24%
2011,Cheshire East,E06000049,370127,39938,43462,109682,177045,370127,12518,1587,356022,370127,181595,123065,47306,14247,3914,511,10.79%,11.74%,29.63%,47.83%,3.38%,0.43%,96.19%,49.06%,33.25%,12.78%,3.85%,1.06%,0.14%
2011,Cheshire West and Chester,E06000050,329608,35493,38842,102365,152908,329608,9339,1300,318969,329608,159777,108967,42604,14259,4001,283,10.77%,11.78%,31.06%,46.39%,2.83%,0.39%,96.77%,48.47%,33.06%,12.93%,4.33%,1.21%,0.09%
2011,Chesterfield,E07000034,103788,10849,12518,32401,48020,103788,2169,254,101365,103788,43274,35622,16984,6204,1704,193,10.45%,12.06%,31.22%,46.27%,2.09%,0.24%,97.67%,41.69%,34.32%,16.36%,5.98%,1.64%,0.19%
2011,Chichester,E07000225,113794,11282,12609,30173,59730,113794,4655,760,108379,113794,54210,39771,14900,3822,1091,972,9.91%,11.08%,26.52%,52.49%,4.09%,0.67%,95.24%,47.64%,34.95%,13.09%,3.36%,0.96%,0.85%
2011,Chiltern,E07000005,92635,11333,11898,24523,44881,92635,5067,1115,86453,92635,49848,30368,9433,2334,652,201,12.23%,12.84%,26.47%,48.45%,5.47%,1.20%,93.33%,53.81%,32.78%,10.18%,2.52%,0.70%,0.22%
2011,Chorley,E07000118,107155,12166,12217,34670,48102,107155,2022,348,104785,107155,51303,35705,14222,4623,1302,"1,872",11.35%,11.40%,32.35%,44.89%,1.89%,0.32%,97.79%,47.88%,33.32%,13.27%,4.31%,1.22%,1.75%
2011,Christchurch,E07000048,47752,4357,5074,11419,26902,47752,1139,239,46374,47752,20203,17116,7681,2208,544,868,9.12%,10.63%,23.91%,56.34%,2.39%,0.50%,97.11%,42.31%,35.84%,16.09%,4.62%,1.14%,1.82%
2011,City of London,E09000001,7375,418,366,3546,3045,7375,1871,248,5256,7375,4112,2374,643,190,56,153,5.67%,4.96%,48.08%,41.29%,25.37%,3.36%,71.27%,55.76%,32.19%,8.72%,2.58%,0.76%,2.07%
2011,Colchester,E07000071,173074,20050,21317,61453,70254,173074,12354,1348,159372,173074,84520,60279,20925,5692,1658,280,11.58%,12.32%,35.51%,40.59%,7.14%,0.78%,92.08%,48.83%,34.83%,12.09%,3.29%,0.96%,0.16%
2011,Conwy,W06000003,115228,11345,13020,30281,60582,115228,2845,410,111973,115228,52335,36977,17874,6237,1805,"1,068",9.85%,11.30%,26.28%,52.58%,2.47%,0.36%,97.18%,45.42%,32.09%,15.51%,5.41%,1.57%,0.93%
2011,Copeland,E07000029,70603,7262,8072,20911,34358,70603,1050,167,69386,70603,31329,23938,10516,3760,1060,461,10.29%,11.43%,29.62%,48.66%,1.49%,0.24%,98.28%,44.37%,33.91%,14.89%,5.33%,1.50%,0.65%
2011,Corby,E07000150,61255,8129,7554,21613,23959,61255,6640,322,54293,61255,28138,21539,8045,2697,836,366,13.27%,12.33%,35.28%,39.11%,10.84%,0.53%,88.63%,45.94%,35.16%,13.13%,4.40%,1.36%,0.60%
2011,Cornwall,E06000052,532273,53439,61772,148328,268734,532273,64822,22134,445317,532273,240759,178805,79181,25907,7621,347,10.04%,11.61%,27.87%,50.49%,12.18%,4.16%,83.66%,45.23%,33.59%,14.88%,4.87%,1.43%,0.07%
2011,Cotswold,E07000079,82881,8055,9547,21882,43397,82881,2868,549,79464,82881,40433,29067,10220,2498,663,197,9.72%,11.52%,26.40%,52.36%,3.46%,0.66%,95.88%,48.78%,35.07%,12.33%,3.01%,0.80%,0.24%
2011,County Durham,E06000047,513242,54233,61136,161933,235940,513242,9562,1353,502327,513242,217373,171564,82404,32568,9333,895,10.57%,11.91%,31.55%,45.97%,1.86%,0.26%,97.87%,42.35%,33.43%,16.06%,6.35%,1.82%,0.17%
2011,Coventry,E08000026,316960,40878,42073,119032,114977,316960,44594,2937,269429,316960,145948,109815,42006,14765,4426,239,12.90%,13.27%,37.55%,36.27%,14.07%,0.93%,85.00%,46.05%,34.65%,13.25%,4.66%,1.40%,0.08%
2011,Craven,E07000163,55409,5220,6547,14079,29563,55409,1268,197,53944,55409,26383,19150,7387,1975,514,"1,209",9.42%,11.82%,25.41%,53.35%,2.29%,0.36%,97.36%,47.62%,34.56%,13.33%,3.56%,0.93%,2.18%
2011,Crawley,E07000226,106597,14557,12463,41232,38345,106597,12762,1214,92621,106597,50751,38279,12856,3679,1032,866,13.66%,11.69%,38.68%,35.97%,11.97%,1.14%,86.89%,47.61%,35.91%,12.06%,3.45%,0.97%,0.81%
2011,Croydon,E09000008,363378,51068,46696,133722,131892,363378,56492,6159,300727,363378,174584,128634,43473,12734,3953,448,14.05%,12.85%,36.80%,36.30%,15.55%,1.69%,82.76%,48.04%,35.40%,11.96%,3.50%,1.09%,0.12%
2011,Dacorum,E07000096,144847,18126,17577,47531,61613,144847,8360,1308,135179,144847,72910,49326,16778,4576,1257,"1,070",12.51%,12.13%,32.81%,42.54%,5.77%,0.90%,93.33%,50.34%,34.05%,11.58%,3.16%,0.87%,0.74%
2011,Darlington,E06000005,105564,12653,12632,33595,46684,105564,3064,335,102165,105564,47046,37199,15116,4763,1440,856,11.99%,11.97%,31.82%,44.22%,2.90%,0.32%,96.78%,44.57%,35.24%,14.32%,4.51%,1.36%,0.81%
2011,Dartford,E07000107,97365,12744,11927,35121,37573,97365,6618,761,89986,97365,47273,33941,11837,3314,1000,131,13.09%,12.25%,36.07%,38.59%,6.80%,0.78%,92.42%,48.55%,34.86%,12.16%,3.40%,1.03%,0.13%
2011,Daventry,E07000151,77843,8872,9752,22862,36357,77843,2701,389,74753,77843,37709,27454,9398,2577,705,315,11.40%,12.53%,29.37%,46.71%,3.47%,0.50%,96.03%,48.44%,35.27%,12.07%,3.31%,0.91%,0.40%
2011,Denbighshire,W06000004,93734,10284,11482,26006,45962,93734,2149,352,91233,93734,43690,29420,13770,5341,1513,257,10.97%,12.25%,27.74%,49.03%,2.29%,0.38%,97.33%,46.61%,31.39%,14.69%,5.70%,1.61%,0.27%
2011,Derby,E06000015,248752,32726,31585,89578,94863,248752,20223,1796,226733,248752,111837,87060,35193,11413,3249,339,13.16%,12.70%,36.01%,38.14%,8.13%,0.72%,91.15%,44.96%,35.00%,14.15%,4.59%,1.31%,0.14%
2011,Derbyshire Dales,E07000035,71116,6721,8240,17754,38401,71116,1188,259,69669,71116,33487,24683,9718,2475,753,564,9.45%,11.59%,24.96%,54.00%,1.67%,0.36%,97.97%,47.09%,34.71%,13.66%,3.48%,1.06%,0.79%
2011,Doncaster,E08000017,302402,36292,36344,97914,131852,302402,12290,824,289288,302402,131738,102983,45748,16982,4951,287,12.00%,12.02%,32.38%,43.60%,4.06%,0.27%,95.66%,43.56%,34.05%,15.13%,5.62%,1.64%,0.09%
2011,Dover,E07000108,111674,12138,13662,31670,54204,111674,4774,617,106283,111674,48433,39477,16745,5538,1481,"1,140",10.87%,12.23%,28.36%,48.54%,4.27%,0.55%,95.17%,43.37%,35.35%,14.99%,4.96%,1.33%,1.02%
2011,Dudley,E08000027,312925,36801,38402,98758,138964,312925,7342,1055,304528,312925,132825,111905,47828,15918,4449,530,11.76%,12.27%,31.56%,44.41%,2.35%,0.34%,97.32%,42.45%,35.76%,15.28%,5.09%,1.42%,0.17%
2011,Ealing,E09000009,338449,45811,37716,145996,108926,338449,100138,9104,229207,338449,166385,116712,38421,12817,4114,758,13.54%,11.14%,43.14%,32.18%,29.59%,2.69%,67.72%,49.16%,34.48%,11.35%,3.79%,1.22%,0.22%
2011,East Cambridgeshire,E07000009,83818,10522,9366,27276,36654,83818,5925,752,77141,83818,40874,29487,10131,2614,712,371,12.55%,11.17%,32.54%,43.73%,7.07%,0.90%,92.03%,48.77%,35.18%,12.09%,3.12%,0.85%,0.44%
2011,East Devon,E07000040,132457,11860,14394,31271,74932,132457,2993,535,128929,132457,58004,47716,19960,5285,1492,258,8.95%,10.87%,23.61%,56.57%,2.26%,0.40%,97.34%,43.79%,36.02%,15.07%,3.99%,1.13%,0.19%
2011,East Dorset,E07000049,87166,7829,9503,19800,50034,87166,1514,364,85288,87166,39505,31183,12436,3162,880,192,8.98%,10.90%,22.72%,57.40%,1.74%,0.42%,97.85%,45.32%,35.77%,14.27%,3.63%,1.01%,0.22%
2011,East Hampshire,E07000085,115608,12721,14636,31748,56503,115608,4434,878,110296,115608,58330,40113,12885,3336,944,316,11.00%,12.66%,27.46%,48.87%,3.84%,0.76%,95.41%,50.45%,34.70%,11.15%,2.89%,0.82%,0.27%
2011,East Hertfordshire,E07000242,137687,16556,17734,44190,59207,137687,6868,1122,129697,137687,72332,46399,14325,3678,953,766,12.02%,12.88%,32.09%,43.00%,4.99%,0.81%,94.20%,52.53%,33.70%,10.40%,2.67%,0.69%,0.56%
2011,East Lindsey,E07000137,136401,12201,14708,33082,76410,136401,2570,368,133463,136401,52138,48140,24915,8671,2537,474,8.94%,10.78%,24.25%,56.02%,1.88%,0.27%,97.85%,38.22%,35.29%,18.27%,6.36%,1.86%,0.35%
2011,East Northamptonshire,E07000152,86765,10371,11259,26179,38956,86765,3079,429,83257,86765,40656,31175,11145,2945,844,255,11.95%,12.98%,30.17%,44.90%,3.55%,0.49%,95.96%,46.86%,35.93%,12.85%,3.39%,0.97%,0.29%
2011,East Riding of Yorkshire,E06000011,334179,33030,39021,91197,170931,334179,7035,915,326229,334179,151003,116859,48307,13877,4133,407,9.88%,11.68%,27.29%,51.15%,2.11%,0.27%,97.62%,45.19%,34.97%,14.46%,4.15%,1.24%,0.12%
2011,East Staffordshire,E07000193,113583,13558,13878,36773,49374,113583,6240,504,106839,113583,52094,40576,15302,4377,1234,200,11.94%,12.22%,32.38%,43.47%,5.49%,0.44%,94.06%,45.86%,35.72%,13.47%,3.85%,1.09%,0.18%
2011,Eastbourne,E07000061,99412,10194,11631,30351,47236,99412,7368,778,91266,99412,42818,35193,15251,4712,1438,350,10.25%,11.70%,30.53%,47.52%,7.41%,0.78%,91.81%,43.07%,35.40%,15.34%,4.74%,1.45%,0.35%
2011,Eastleigh,E07000086,125199,14720,14926,40408,55145,125199,4483,752,119964,125199,61561,44190,14538,3817,1093,316,11.76%,11.92%,32.28%,44.05%,3.58%,0.60%,95.82%,49.17%,35.30%,11.61%,3.05%,0.87%,0.25%
2011,Eden,E07000030,52564,4982,5922,13981,27679,52564,1060,180,51324,52564,24210,18810,7195,1875,474,543,9.48%,11.27%,26.60%,52.66%,2.02%,0.34%,97.64%,46.06%,35.78%,13.69%,3.57%,0.90%,1.03%
2011,Elmbridge,E07000207,130875,17997,15470,40752,56656,130875,14416,2375,114084,130875,73880,40555,12360,3213,867,172,13.75%,11.82%,31.14%,43.29%,11.02%,1.81%,87.17%,56.45%,30.99%,9.44%,2.46%,0.66%,0.13%
2011,Enfield,E09000010,312466,45443,40816,116868,109339,312466,60237,8346,243883,312466,146351,109394,39699,12840,4182,353,14.54%,13.06%,37.40%,34.99%,19.28%,2.67%,78.05%,46.84%,35.01%,12.71%,4.11%,1.34%,0.11%
2011,Epping Forest,E07000072,124659,14197,14619,38829,57014,124659,5949,1099,117611,124659,61413,42077,15435,4441,1293,639,11.39%,11.73%,31.15%,45.74%,4.77%,0.88%,94.35%,49.26%,33.75%,12.38%,3.56%,1.04%,0.51%
2011,Epsom and Ewell,E07000208,75102,9043,9421,24046,32592,75102,6773,1094,67235,75102,39208,25355,7988,2016,535,393,12.04%,12.54%,32.02%,43.40%,9.02%,1.46%,89.52%,52.21%,33.76%,10.64%,2.68%,0.71%,0.52%
2011,Erewash,E07000036,112081,12462,13216,35997,50406,112081,2050,319,109712,112081,49349,39666,16762,4874,1430,316,11.12%,11.79%,32.12%,44.97%,1.83%,0.28%,97.89%,44.03%,35.39%,14.96%,4.35%,1.28%,0.28%
2011,Exeter,E07000041,117773,12282,14725,46184,44582,117773,9099,1140,107534,117773,58775,39301,14075,4331,1291,242,10.43%,12.50%,39.21%,37.85%,7.73%,0.97%,91.31%,49.91%,33.37%,11.95%,3.68%,1.10%,0.21%
2011,Fareham,E07000087,111581,11376,13379,32210,54616,111581,2452,461,108668,111581,54170,39284,13638,3489,1000,374,10.20%,11.99%,28.87%,48.95%,2.20%,0.41%,97.39%,48.55%,35.21%,12.22%,3.13%,0.90%,0.34%
2011,Fenland,E07000010,95262,10062,11133,28800,45267,95262,6475,305,88482,95262,37577,36042,15760,4590,1293,376,10.56%,11.69%,30.23%,47.52%,6.80%,0.32%,92.88%,39.45%,37.83%,16.54%,4.82%,1.36%,0.39%
2011,Flintshire,W06000005,152506,17722,18494,47093,69197,152506,4096,383,148027,152506,74216,49498,20114,6774,1904,594,11.62%,12.13%,30.88%,45.37%,2.69%,0.25%,97.06%,48.66%,32.46%,13.19%,4.44%,1.25%,0.39%
2011,Folkestone and Hythe,E07000112,107969,11571,12921,31323,52154,107969,5987,616,101366,107969,45577,38999,16465,5321,1607,281,10.72%,11.97%,29.01%,48.30%,5.55%,0.57%,93.88%,42.21%,36.12%,15.25%,4.93%,1.49%,0.26%
2011,Forest Heath,E07000201,59748,7346,6052,22702,23648,59748,12156,565,47027,59748,28739,21194,7235,2035,545,573,12.29%,10.13%,38.00%,39.58%,20.35%,0.95%,78.71%,48.10%,35.47%,12.11%,3.41%,0.91%,0.96%
2011,Forest of Dean,E07000080,81961,8174,10297,22138,41352,81961,1520,247,80194,81961,36281,29340,11879,3535,926,384,9.97%,12.56%,27.01%,50.45%,1.85%,0.30%,97.84%,44.27%,35.80%,14.49%,4.31%,1.13%,0.47%
2011,Fylde,E07000119,75757,7189,8095,19962,40511,75757,1848,291,73618,75757,33815,25591,11619,3692,1040,215,9.49%,10.69%,26.35%,53.47%,2.44%,0.38%,97.18%,44.64%,33.78%,15.34%,4.87%,1.37%,0.28%
2011,Gateshead,E08000037,200214,22179,23050,66629,88356,200214,6352,634,193228,200214,85320,67807,31158,12152,3777,328,11.08%,11.51%,33.28%,44.13%,3.17%,0.32%,96.51%,42.61%,33.87%,15.56%,6.07%,1.89%,0.16%
2011,Gedling,E07000173,113543,12456,13365,34817,52905,113543,3230,524,109789,113543,51154,39934,16473,4657,1325,217,10.97%,11.77%,30.66%,46.59%,2.84%,0.46%,96.69%,45.05%,35.17%,14.51%,4.10%,1.17%,0.19%
2011,Gloucester,E07000081,121688,15352,15177,42735,48424,121688,7757,669,113262,121688,56655,43150,15933,4616,1334,512,12.62%,12.47%,35.12%,39.79%,6.37%,0.55%,93.08%,46.56%,35.46%,13.09%,3.79%,1.10%,0.42%
2011,Gosport,E07000088,82622,10150,10046,26710,35716,82622,2140,305,80177,82622,37447,29915,11224,3215,821,250,12.28%,12.16%,32.33%,43.23%,2.59%,0.37%,97.04%,45.32%,36.21%,13.58%,3.89%,0.99%,0.30%
2011,Gravesham,E07000109,101720,12922,13252,33793,41753,101720,9022,820,91878,101720,47298,35572,13629,4104,1117,348,12.70%,13.03%,33.22%,41.05%,8.87%,0.81%,90.32%,46.50%,34.97%,13.40%,4.03%,1.10%,0.34%
2011,Great Yarmouth,E07000145,97277,10458,11825,28346,46648,97277,4549,287,92441,97277,39204,35032,16130,5330,1581,658,10.75%,12.16%,29.14%,47.95%,4.68%,0.30%,95.03%,40.30%,36.01%,16.58%,5.48%,1.63%,0.68%
2011,Greenwich,E09000011,254557,37270,31045,107685,78557,254557,52491,4970,197096,254557,127641,83875,29386,10420,3235,208,14.64%,12.20%,42.30%,30.86%,20.62%,1.95%,77.43%,50.14%,32.95%,11.54%,4.09%,1.27%,0.08%
2011,Guildford,E07000209,137183,15635,16413,49317,55818,137183,13239,1824,122120,137183,73969,45445,13442,3402,925,353,11.40%,11.96%,35.95%,40.69%,9.65%,1.33%,89.02%,53.92%,33.13%,9.80%,2.48%,0.67%,0.26%
2011,Gwynedd,W06000002,121874,12997,14958,36905,57014,121874,4129,569,117176,121874,61396,37383,16593,4998,1504,313,10.66%,12.27%,30.28%,46.78%,3.39%,0.47%,96.15%,50.38%,30.67%,13.61%,4.10%,1.23%,0.26%
2011,Hackney,E09000012,246270,34509,27288,124328,60145,246270,57361,7369,181540,246270,128442,75699,26837,11183,4109,419,14.01%,11.08%,50.48%,24.42%,23.29%,2.99%,73.72%,52.15%,30.74%,10.90%,4.54%,1.67%,0.17%
2011,Halton,E06000006,125746,15737,15659,41169,53181,125746,1814,189,123743,125746,58684,39693,17504,7732,2133,"1,059",12.51%,12.45%,32.74%,42.29%,1.44%,0.15%,98.41%,46.67%,31.57%,13.92%,6.15%,1.70%,0.84%
2011,Hambleton,E07000164,89140,8884,10295,23871,46090,89140,1793,300,87047,89140,43384,30682,11235,2972,867,438,9.97%,11.55%,26.78%,51.71%,2.01%,0.34%,97.65%,48.67%,34.42%,12.60%,3.33%,0.97%,0.49%
2011,Hammersmith and Fulham,E09000013,182493,20459,15537,96159,50338,182493,53410,6116,122967,182493,103036,53374,17188,6531,2364,376,11.21%,8.51%,52.69%,27.58%,29.27%,3.35%,67.38%,56.46%,29.25%,9.42%,3.58%,1.30%,0.21%
2011,Harborough,E07000131,85382,9680,10683,24228,40791,85382,2176,362,82844,85382,43421,29261,9707,2345,648,301,11.34%,12.51%,28.38%,47.77%,2.55%,0.42%,97.03%,50.85%,34.27%,11.37%,2.75%,0.76%,0.35%
2011,Haringey,E09000014,254926,33887,29487,118255,73297,254926,73065,8187,173674,254926,126485,85567,28444,10650,3780,796,13.29%,11.57%,46.39%,28.75%,28.66%,3.21%,68.13%,49.62%,33.57%,11.16%,4.18%,1.48%,0.31%
2011,Harlow,E07000073,81944,10937,9973,28527,32507,81944,6314,596,75034,81944,36969,29380,11203,3398,994,306,13.35%,12.17%,34.81%,39.67%,7.71%,0.73%,91.57%,45.11%,35.85%,13.67%,4.15%,1.21%,0.37%
2011,Harrogate,E07000165,157869,17385,18821,46108,75555,157869,9229,824,147816,157869,79934,53313,18633,4698,1291,286,11.01%,11.92%,29.21%,47.86%,5.85%,0.52%,93.63%,50.63%,33.77%,11.80%,2.98%,0.82%,0.18%
2011,Harrow,E09000015,239056,30337,29694,88769,90256,239056,51515,5040,182501,239056,113731,86069,28329,8289,2638,712,12.69%,12.42%,37.13%,37.76%,21.55%,2.11%,76.34%,47.58%,36.00%,11.85%,3.47%,1.10%,0.30%
2011,Hart,E07000089,91033,11397,10983,28431,40222,91033,4143,820,86070,91033,50079,30120,8432,1891,511,375,12.52%,12.06%,31.23%,44.18%,4.55%,0.90%,94.55%,55.01%,33.09%,9.26%,2.08%,0.56%,0.41%
2011,Hartlepool,E06000001,92028,10890,11931,28446,40761,92028,1248,172,90608,92028,39816,30117,14607,5789,1699,315,11.83%,12.96%,30.91%,44.29%,1.36%,0.19%,98.46%,43.27%,32.73%,15.87%,6.29%,1.85%,0.34%
2011,Hastings,E07000062,90254,10342,11076,29067,39769,90254,4560,644,85050,90254,36556,32707,14276,5159,1556,412,11.46%,12.27%,32.21%,44.06%,5.05%,0.71%,94.23%,40.50%,36.24%,15.82%,5.72%,1.72%,0.46%
2011,Havant,E07000090,120684,13102,14810,34243,58529,120684,2399,405,117880,120684,53474,43275,17188,5172,1575,409,10.86%,12.27%,28.37%,48.50%,1.99%,0.34%,97.68%,44.31%,35.86%,14.24%,4.29%,1.31%,0.34%
2011,Havering,E09000016,237232,26891,29723,75927,104691,237232,13486,1680,222066,237232,109131,84378,31492,9464,2767,391,11.34%,12.53%,32.01%,44.13%,5.68%,0.71%,93.61%,46.00%,35.57%,13.27%,3.99%,1.17%,0.16%
2011,"Herefordshire, County of",E06000019,183477,18760,21178,51961,91578,183477,8356,794,174327,183477,83874,64494,25517,7441,2151,310,10.22%,11.54%,28.32%,49.91%,4.55%,0.43%,95.01%,45.71%,35.15%,13.91%,4.06%,1.17%,0.17%
2011,Hertsmere,E07000098,100031,12676,12329,32651,42375,100031,9586,1333,89112,100031,51558,32887,11433,3208,945,290,12.67%,12.33%,32.64%,42.36%,9.58%,1.33%,89.08%,51.54%,32.88%,11.43%,3.21%,0.94%,0.29%
2011,High Peak,E07000037,90892,9852,11242,27293,42505,90892,1797,331,88764,90892,43185,30980,12011,3696,1020,574,10.84%,12.37%,30.03%,46.76%,1.98%,0.36%,97.66%,47.51%,34.08%,13.21%,4.07%,1.12%,0.63%
2011,Hillingdon,E09000017,273936,36619,35910,104010,97397,273936,46895,4474,222567,273936,133627,96647,31492,9404,2766,932,13.37%,13.11%,37.97%,35.55%,17.12%,1.63%,81.25%,48.78%,35.28%,11.50%,3.43%,1.01%,0.34%
2011,Hinckley and Bosworth,E07000132,105078,11297,11998,31968,49815,105078,2168,302,102608,105078,48612,37653,13974,3812,1027,412,10.75%,11.42%,30.42%,47.41%,2.06%,0.29%,97.65%,46.26%,35.83%,13.30%,3.63%,0.98%,0.39%
2011,Horsham,E07000227,131301,14402,16345,36760,63794,131301,5329,1027,124945,131301,66403,45684,14580,3560,1074,"1,203",10.97%,12.45%,28.00%,48.59%,4.06%,0.78%,95.16%,50.57%,34.79%,11.10%,2.71%,0.82%,0.92%
2011,Hounslow,E09000018,253957,34624,28622,109596,81115,253957,66142,5721,182094,253957,124442,89064,28552,9085,2814,584,13.63%,11.27%,43.16%,31.94%,26.04%,2.25%,71.70%,49.00%,35.07%,11.24%,3.58%,1.11%,0.23%
2011,Huntingdonshire,E07000011,169508,19802,20679,54654,74373,169508,10463,1138,157907,169508,82675,60470,19682,5239,1442,650,11.68%,12.20%,32.24%,43.88%,6.17%,0.67%,93.16%,48.77%,35.67%,11.61%,3.09%,0.85%,0.38%
2011,Hyndburn,E07000120,80734,10429,10337,26657,33311,80734,2620,334,77780,80734,34759,27610,12225,4800,1340,443,12.92%,12.80%,33.02%,41.26%,3.25%,0.41%,96.34%,43.05%,34.20%,15.14%,5.95%,1.66%,0.55%
2011,Ipswich,E07000202,133384,16880,16188,48951,51365,133384,10819,942,121623,133384,60771,47800,18053,5233,1527,"1,882",12.66%,12.14%,36.70%,38.51%,8.11%,0.71%,91.18%,45.56%,35.84%,13.53%,3.92%,1.14%,1.41%
2011,Isle of Anglesey,W06000001,69751,7342,7597,19516,35296,69751,1267,188,68296,69751,33492,21309,10541,3413,996,"1,093",10.53%,10.89%,27.98%,50.60%,1.82%,0.27%,97.91%,48.02%,30.55%,15.11%,4.89%,1.43%,1.57%
2011,Isle of Wight,E06000046,138265,12954,16158,36674,72479,138265,3654,639,133972,138265,56420,50514,22378,6921,2032,305,9.37%,11.69%,26.52%,52.42%,2.64%,0.46%,96.90%,40.81%,36.53%,16.18%,5.01%,1.47%,0.22%
2011,Isles of Scilly,E06000053,2203,210,170,673,1150,2203,132,28,2043,2203,1135,754,248,53,13,697,9.53%,7.72%,30.55%,52.20%,5.99%,1.27%,92.74%,51.52%,34.23%,11.26%,2.41%,0.59%,31.64%
2011,Islington,E09000019,206125,21872,19918,107630,56705,206125,48415,5769,151941,206125,106386,63382,23113,9771,3473,387,10.61%,9.66%,52.22%,27.51%,23.49%,2.80%,73.71%,51.61%,30.75%,11.21%,4.74%,1.68%,0.19%
2011,Kensington and Chelsea,E09000020,158649,16803,12917,73101,55828,158649,59893,6352,92404,158649,91764,45189,14464,5357,1875,282,10.59%,8.14%,46.08%,35.19%,37.75%,4.00%,58.24%,57.84%,28.48%,9.12%,3.38%,1.18%,0.18%
2011,Kettering,E07000153,93475,11941,11057,30910,39567,93475,5140,512,87823,93475,43038,33973,12039,3477,948,"1,710",12.77%,11.83%,33.07%,42.33%,5.50%,0.55%,93.95%,46.04%,36.34%,12.88%,3.72%,1.01%,1.83%
2011,King's Lynn and West Norfolk,E07000146,147451,15231,16085,41924,74211,147451,8160,593,138698,147451,60322,54681,23441,7077,1930,725,10.33%,10.91%,28.43%,50.33%,5.53%,0.40%,94.06%,40.91%,37.08%,15.90%,4.80%,1.31%,0.49%
2011,"Kingston upon Hull, City of",E06000010,256406,31332,31360,96422,97292,256406,17076,919,238411,256406,110555,89572,38102,14047,4130,496,12.22%,12.23%,37.61%,37.94%,6.66%,0.36%,92.98%,43.12%,34.93%,14.86%,5.48%,1.61%,0.19%
2011,Kingston upon Thames,E09000021,160060,19930,18405,64783,56942,160060,27406,3676,128978,160060,84332,53598,16425,4438,1267,184,12.45%,11.50%,40.47%,35.58%,17.12%,2.30%,80.58%,52.69%,33.49%,10.26%,2.77%,0.79%,0.11%
2011,Kirklees,E08000034,422458,54358,53724,143194,171182,422458,19886,2437,400135,422458,192366,147731,58042,19030,5289,200,12.87%,12.72%,33.90%,40.52%,4.71%,0.58%,94.72%,45.53%,34.97%,13.74%,4.50%,1.25%,0.05%
2011,Knowsley,E08000011,145893,17433,19323,46444,62693,145893,1847,291,143755,145893,67153,43505,21420,10631,3184,"1,375",11.95%,13.24%,31.83%,42.97%,1.27%,0.20%,98.53%,46.03%,29.82%,14.68%,7.29%,2.18%,0.94%
2011,Lambeth,E09000022,303086,37077,28812,157128,80069,303086,77626,7696,217764,303086,160326,97286,31188,10729,3557,408,12.23%,9.51%,51.84%,26.42%,25.61%,2.54%,71.85%,52.90%,32.10%,10.29%,3.54%,1.17%,0.13%
2011,Lancaster,E07000121,138375,13699,18987,45454,60235,138375,7113,797,130465,138375,64577,46831,18960,6215,1792,952,9.90%,13.72%,32.85%,43.53%,5.14%,0.58%,94.28%,46.67%,33.84%,13.70%,4.49%,1.30%,0.69%
2011,Leeds,E08000035,751485,88425,93002,287496,282562,751485,53205,5219,693061,751485,361295,254023,95515,31504,9148,144,11.77%,12.38%,38.26%,37.60%,7.08%,0.69%,92.23%,48.08%,33.80%,12.71%,4.19%,1.22%,0.02%
2011,Leicester,E06000016,329839,45077,44652,133144,106966,329839,56692,3973,269174,329839,148108,117551,44278,14972,4930,268,13.67%,13.54%,40.37%,32.43%,17.19%,1.20%,81.61%,44.90%,35.64%,13.42%,4.54%,1.49%,0.08%
2011,Lewes,E07000063,97502,10281,11130,26182,49909,97502,3744,744,93014,97502,43719,34634,13900,4066,1183,516,10.54%,11.42%,26.85%,51.19%,3.84%,0.76%,95.40%,44.84%,35.52%,14.26%,4.17%,1.21%,0.53%
2011,Lewisham,E09000023,275885,38669,31395,122143,83678,275885,57808,6357,211720,275885,135428,93850,32289,10755,3563,151,14.02%,11.38%,44.27%,30.33%,20.95%,2.30%,76.74%,49.09%,34.02%,11.70%,3.90%,1.29%,0.05%
2011,Lichfield,E07000194,100654,10666,11641,29495,48852,100654,2032,331,98291,100654,47225,35014,13259,3959,1197,267,10.60%,11.57%,29.30%,48.53%,2.02%,0.33%,97.65%,46.92%,34.79%,13.17%,3.93%,1.19%,0.27%
2011,Lincoln,E07000138,93541,9817,12254,36959,34511,93541,6492,497,86552,93541,41329,34216,13005,3907,1084,362,10.49%,13.10%,39.51%,36.89%,6.94%,0.53%,92.53%,44.18%,36.58%,13.90%,4.18%,1.16%,0.39%
2011,Liverpool,E08000012,466415,48353,58887,182617,176558,466415,33918,2737,429760,466415,217977,142132,65422,31162,9722,505,10.37%,12.63%,39.15%,37.85%,7.27%,0.59%,92.14%,46.73%,30.47%,14.03%,6.68%,2.08%,0.11%
2011,Luton,E06000032,203201,30813,26772,79359,66257,203201,37912,2985,162304,203201,94607,73300,25277,7571,2446,650,15.16%,13.18%,39.05%,32.61%,18.66%,1.47%,79.87%,46.56%,36.07%,12.44%,3.73%,1.20%,0.32%
2011,Maidstone,E07000110,155143,18338,18714,49978,68113,155143,9013,980,145150,155143,74636,54384,19291,5323,1509,302,11.82%,12.06%,32.21%,43.90%,5.81%,0.63%,93.56%,48.11%,35.05%,12.43%,3.43%,0.97%,0.19%
2011,Maldon,E07000074,61629,6288,7288,16793,31260,61629,1137,206,60286,61629,28471,21961,8269,2260,668,430,10.20%,11.83%,27.25%,50.72%,1.84%,0.33%,97.82%,46.20%,35.63%,13.42%,3.67%,1.08%,0.70%
2011,Malvern Hills,E07000235,74631,6940,9266,18010,40415,74631,1921,371,72339,74631,34011,26171,10494,2939,1016,328,9.30%,12.42%,24.13%,54.15%,2.57%,0.50%,96.93%,45.57%,35.07%,14.06%,3.94%,1.36%,0.44%
2011,Manchester,E08000003,503127,65030,65087,235033,137977,503127,85324,6894,410909,503127,245334,159452,62651,27014,8676,648,12.93%,12.94%,46.71%,27.42%,16.96%,1.37%,81.67%,48.76%,31.69%,12.45%,5.37%,1.72%,0.13%
2011,Mansfield,E07000174,104466,11870,12388,33822,46386,104466,4160,267,100039,104466,43295,35895,16922,6476,1878,476,11.36%,11.86%,32.38%,44.40%,3.98%,0.26%,95.76%,41.44%,34.36%,16.20%,6.20%,1.80%,0.46%
2011,Medway,E06000035,263925,33191,35796,90943,103995,263925,15514,1574,246837,263925,120662,95679,34307,10388,2889,801,12.58%,13.56%,34.46%,39.40%,5.88%,0.60%,93.53%,45.72%,36.25%,13.00%,3.94%,1.09%,0.30%
2011,Melton,E07000133,50376,5471,6017,14692,24196,50376,1362,183,48831,50376,24349,17892,6295,1449,391,165,10.86%,11.94%,29.16%,48.03%,2.70%,0.36%,96.93%,48.33%,35.52%,12.50%,2.88%,0.78%,0.33%
2011,Mendip,E07000187,109279,11828,14578,30024,52849,109279,3949,684,104646,109279,51153,38270,14619,4137,1100,375,10.82%,13.34%,27.47%,48.36%,3.61%,0.63%,95.76%,46.81%,35.02%,13.38%,3.79%,1.01%,0.34%
2011,Merthyr Tydfil,W06000024,58802,6749,7300,19236,25517,58802,2142,115,56545,58802,25948,16961,9324,4908,1661,442,11.48%,12.41%,32.71%,43.39%,3.64%,0.20%,96.16%,44.13%,28.84%,15.86%,8.35%,2.82%,0.75%
2011,Merton,E09000024,199693,26237,20883,85992,66581,199693,47041,5296,147356,199693,103891,67098,21025,5930,1749,374,13.14%,10.46%,43.06%,33.34%,23.56%,2.65%,73.79%,52.03%,33.60%,10.53%,2.97%,0.88%,0.19%
2011,Mid Devon,E07000042,77750,8741,9369,21411,38229,77750,2117,339,75294,77750,36263,27554,10398,2785,750,292,11.24%,12.05%,27.54%,49.17%,2.72%,0.44%,96.84%,46.64%,35.44%,13.37%,3.58%,0.96%,0.38%
2011,Mid Suffolk,E07000203,96731,10660,11512,26724,47835,96731,2064,444,94223,96731,46319,34155,12432,3020,805,461,11.02%,11.90%,27.63%,49.45%,2.13%,0.46%,97.41%,47.88%,35.31%,12.85%,3.12%,0.83%,0.48%
2011,Mid Sussex,E07000228,139860,16518,16980,42500,63862,139860,7237,1326,131297,139860,72448,47524,14938,3864,1086,309,11.81%,12.14%,30.39%,45.66%,5.17%,0.95%,93.88%,51.80%,33.98%,10.68%,2.76%,0.78%,0.22%
2011,Middlesbrough,E06000002,138412,17707,18549,46869,55287,138412,6662,581,131169,138412,62855,45295,19719,8001,2542,504,12.79%,13.40%,33.86%,39.94%,4.81%,0.42%,94.77%,45.41%,32.72%,14.25%,5.78%,1.84%,0.36%
2011,Milton Keynes,E06000042,248821,36376,30525,93200,88720,248821,28027,2844,217950,248821,124826,86778,26929,7955,2333,647,14.62%,12.27%,37.46%,35.66%,11.26%,1.14%,87.59%,50.17%,34.88%,10.82%,3.20%,0.94%,0.26%
2011,Mole Valley,E07000210,85375,9336,10360,23413,42266,85375,4438,907,80030,85375,43926,28801,9607,2437,604,206,10.94%,12.13%,27.42%,49.51%,5.20%,1.06%,93.74%,51.45%,33.73%,11.25%,2.85%,0.71%,0.24%
2011,Monmouthshire,W06000021,91323,9408,11413,24101,46401,91323,1973,437,88913,91323,42365,30742,12800,4173,1243,302,10.30%,12.50%,26.39%,50.81%,2.16%,0.48%,97.36%,46.39%,33.66%,14.02%,4.57%,1.36%,0.33%
2011,Neath Port Talbot,W06000012,139812,14915,16540,43424,64933,139812,1824,347,137641,139812,62849,39694,22640,11028,3601,652,10.67%,11.83%,31.06%,46.44%,1.30%,0.25%,98.45%,44.95%,28.39%,16.19%,7.89%,2.58%,0.47%
2011,New Forest,E07000091,176462,17104,19391,44875,95092,176462,4612,859,170991,176462,79671,63302,24871,6715,1903,"1,098",9.69%,10.99%,25.43%,53.89%,2.61%,0.49%,96.90%,45.15%,35.87%,14.09%,3.81%,1.08%,0.62%
2011,Newark and Sherwood,E07000175,114817,12584,13876,33890,54467,114817,3595,403,110819,114817,51505,39671,16874,5246,1521,303,10.96%,12.09%,29.52%,47.44%,3.13%,0.35%,96.52%,44.86%,34.55%,14.70%,4.57%,1.32%,0.26%
2011,Newcastle upon Tyne,E08000021,280177,30557,36884,110932,101804,280177,26239,2280,251658,280177,133933,89096,38018,14793,4337,920,10.91%,13.16%,39.59%,36.34%,9.37%,0.81%,89.82%,47.80%,31.80%,13.57%,5.28%,1.55%,0.33%
2011,Newcastle-under-Lyme,E07000195,123871,12682,15506,39751,55932,123871,3762,499,119610,123871,55311,42716,17802,6312,1730,453,10.24%,12.52%,32.09%,45.15%,3.04%,0.40%,96.56%,44.65%,34.48%,14.37%,5.10%,1.40%,0.37%
2011,Newham,E09000025,307984,46218,39998,149625,72143,307984,105178,6541,196265,307984,149269,106549,34839,12763,4564,212,15.01%,12.99%,48.58%,23.42%,34.15%,2.12%,63.73%,48.47%,34.60%,11.31%,4.14%,1.48%,0.07%
2011,Newport,W06000022,145736,18100,19283,48266,60087,145736,7483,734,137519,145736,66667,47811,20538,8161,2559,874,12.42%,13.23%,33.12%,41.23%,5.13%,0.50%,94.36%,45.75%,32.81%,14.09%,5.60%,1.76%,0.60%
2011,North Devon,E07000043,93667,9815,10861,25578,47413,93667,2154,321,91192,93667,43441,31704,13264,4064,1194,212,10.48%,11.60%,27.31%,50.62%,2.30%,0.34%,97.36%,46.38%,33.85%,14.16%,4.34%,1.27%,0.23%
2011,North Dorset,E07000050,68583,7218,8713,18708,33944,68583,2312,299,65972,68583,32782,24146,8808,2266,581,315,10.52%,12.70%,27.28%,49.49%,3.37%,0.44%,96.19%,47.80%,35.21%,12.84%,3.30%,0.85%,0.46%
2011,North East Derbyshire,E07000038,99023,9708,11326,27846,50143,99023,1146,199,97678,99023,42535,33926,15734,5319,1509,498,9.80%,11.44%,28.12%,50.64%,1.16%,0.20%,98.64%,42.95%,34.26%,15.89%,5.37%,1.52%,0.50%
2011,North East Lincolnshire,E06000012,159616,18971,19535,50310,70800,159616,4057,395,155164,159616,70242,55935,23779,7507,2153,433,11.89%,12.24%,31.52%,44.36%,2.54%,0.25%,97.21%,44.01%,35.04%,14.90%,4.70%,1.35%,0.27%
2011,North Hertfordshire,E07000099,127114,15428,15039,41225,55422,127114,6883,1199,119032,127114,63801,43360,14965,3958,1030,509,12.14%,11.83%,32.43%,43.60%,5.41%,0.94%,93.64%,50.19%,34.11%,11.77%,3.11%,0.81%,0.40%
2011,North Kesteven,E07000139,107766,11067,12890,30851,52958,107766,2389,327,105050,107766,49563,37834,14941,4198,1230,448,10.27%,11.96%,28.63%,49.14%,2.22%,0.30%,97.48%,45.99%,35.11%,13.86%,3.90%,1.14%,0.42%
2011,North Lincolnshire,E06000013,167446,19659,19705,51158,76924,167446,7184,489,159773,167446,73234,59883,24667,7593,2069,371,11.74%,11.77%,30.55%,45.94%,4.29%,0.29%,95.42%,43.74%,35.76%,14.73%,4.53%,1.24%,0.22%
2011,North Norfolk,E07000147,101499,8477,10308,23417,59297,101499,2045,298,99156,101499,39504,38336,17412,4839,1408,943,8.35%,10.16%,23.07%,58.42%,2.01%,0.29%,97.69%,38.92%,37.77%,17.15%,4.77%,1.39%,0.93%
2011,North Somerset,E06000024,202566,22677,22905,58140,98844,202566,6651,953,194962,202566,93803,70435,27670,8276,2382,460,11.19%,11.31%,28.70%,48.80%,3.28%,0.47%,96.25%,46.31%,34.77%,13.66%,4.09%,1.18%,0.23%
2011,North Tyneside,E08000022,200801,22385,22380,64963,91073,200801,4164,690,195947,200801,90031,66955,30156,10638,3021,266,11.15%,11.15%,32.35%,45.35%,2.07%,0.34%,97.58%,44.84%,33.34%,15.02%,5.30%,1.50%,0.13%
2011,North Warwickshire,E07000218,62014,6494,7388,18572,29560,62014,1016,128,60870,62014,27979,21604,8725,2850,856,494,10.47%,11.91%,29.95%,47.67%,1.64%,0.21%,98.16%,45.12%,34.84%,14.07%,4.60%,1.38%,0.80%
2011,North West Leicestershire,E07000134,93468,10898,11053,28859,42658,93468,2159,277,91032,93468,42477,33202,12978,3733,1078,193,11.66%,11.83%,30.88%,45.64%,2.31%,0.30%,97.39%,45.45%,35.52%,13.88%,3.99%,1.15%,0.21%
2011,Northampton,E07000154,212069,28409,25431,79365,78864,212069,23562,1697,186810,212069,98367,77331,26530,7654,2187,377,13.40%,11.99%,37.42%,37.19%,11.11%,0.80%,88.09%,46.38%,36.47%,12.51%,3.61%,1.03%,0.18%
2011,Northumberland,E06000057,316028,32348,36141,88567,158972,316028,4019,702,311307,316028,138990,108458,48580,15641,4359,113,10.24%,11.44%,28.03%,50.30%,1.27%,0.22%,98.51%,43.98%,34.32%,15.37%,4.95%,1.38%,0.04%
2011,Norwich,E07000148,132512,14692,14647,56183,46990,132512,12627,1311,118574,132512,59454,46939,18620,5862,1637,879,11.09%,11.05%,42.40%,35.46%,9.53%,0.99%,89.48%,44.87%,35.42%,14.05%,4.42%,1.24%,0.66%
2011,Nottingham,E06000018,305680,36388,42919,130517,95856,305680,40625,3025,262030,305680,141038,103332,41581,15063,4666,345,11.90%,14.04%,42.70%,31.36%,13.29%,0.99%,85.72%,46.14%,33.80%,13.60%,4.93%,1.53%,0.11%
2011,Nuneaton and Bedworth,E07000219,125252,14944,15303,40831,54174,125252,4564,454,120234,125252,55086,44255,18133,6019,1759,220,11.93%,12.22%,32.60%,43.25%,3.64%,0.36%,95.99%,43.98%,35.33%,14.48%,4.81%,1.40%,0.18%
2011,Oadby and Wigston,E07000135,56170,5685,8376,16516,25593,56170,2693,459,53018,56170,25383,20568,7524,2082,613,414,10.12%,14.91%,29.40%,45.56%,4.79%,0.82%,94.39%,45.19%,36.62%,13.40%,3.71%,1.09%,0.74%
2011,Oldham,E08000004,224897,31913,30393,74708,87883,224897,10891,1460,212546,224897,101526,74987,32778,12179,3427,"1,118",14.19%,13.51%,33.22%,39.08%,4.84%,0.65%,94.51%,45.14%,33.34%,14.57%,5.42%,1.52%,0.50%
2011,Oxford,E07000178,151906,16657,20026,70990,44233,151906,31107,3642,117157,151906,83904,48201,14320,4189,1292,236,10.97%,13.18%,46.73%,29.12%,20.48%,2.40%,77.12%,55.23%,31.73%,9.43%,2.76%,0.85%,0.16%
2011,Pembrokeshire,W06000009,122439,13142,14864,32765,61668,122439,3005,438,118996,122439,55535,39889,18684,6383,1948,215,10.73%,12.14%,26.76%,50.37%,2.45%,0.36%,97.19%,45.36%,32.58%,15.26%,5.21%,1.59%,0.18%
2011,Pendle,E07000122,89452,11825,10844,29448,37335,89452,3994,549,84909,89452,38965,30826,13431,4921,1309,302,13.22%,12.12%,32.92%,41.74%,4.46%,0.61%,94.92%,43.56%,34.46%,15.01%,5.50%,1.46%,0.34%
2011,Peterborough,E06000031,183631,25328,22847,67863,67593,183631,26881,1726,155024,183631,81275,68493,24362,7425,2076,259,13.79%,12.44%,36.96%,36.81%,14.64%,0.94%,84.42%,44.26%,37.30%,13.27%,4.04%,1.13%,0.14%
2011,Plymouth,E06000026,256384,28283,31449,91893,104759,256384,11235,1407,243742,256384,117976,85956,35756,13012,3684,94,11.03%,12.27%,35.84%,40.86%,4.38%,0.55%,95.07%,46.02%,33.53%,13.95%,5.08%,1.44%,0.04%
2011,Poole,E06000029,147645,16033,16544,45747,69321,147645,6755,864,140026,147645,68689,51486,19849,5841,1780,130,10.86%,11.21%,30.98%,46.95%,4.58%,0.59%,94.84%,46.52%,34.87%,13.44%,3.96%,1.21%,0.09%
2011,Portsmouth,E06000044,205056,24579,26883,81276,72318,205056,15312,1586,188158,205056,97795,71443,25464,7995,2359,806,11.99%,13.11%,39.64%,35.27%,7.47%,0.77%,91.76%,47.69%,34.84%,12.42%,3.90%,1.15%,0.39%
2011,Powys,W06000023,132976,13222,15914,34160,69680,132976,3466,450,129060,132976,59511,45459,19857,6375,1774,"1,329",9.94%,11.97%,25.69%,52.40%,2.61%,0.34%,97.06%,44.75%,34.19%,14.93%,4.79%,1.33%,1.00%
2011,Preston,E07000123,140202,17261,18389,52928,51624,140202,10183,920,129099,140202,65276,47840,18585,6644,1857,336,12.31%,13.12%,37.75%,36.82%,7.26%,0.66%,92.08%,46.56%,34.12%,13.26%,4.74%,1.32%,0.24%
2011,Purbeck,E07000051,44973,4328,4962,11548,24135,44973,958,179,43836,44973,20231,16148,6340,1782,472,287,9.62%,11.03%,25.68%,53.67%,2.13%,0.40%,97.47%,44.98%,35.91%,14.10%,3.96%,1.05%,0.64%
2011,Reading,E06000038,155698,20493,17777,68193,49235,155698,27713,2283,125702,155698,78169,54913,16770,4590,1256,"1,103",13.16%,11.42%,43.80%,31.62%,17.80%,1.47%,80.73%,50.21%,35.27%,10.77%,2.95%,0.81%,0.71%
2011,Redbridge,E09000026,278970,40590,36516,106939,94925,278970,52200,5507,221263,278970,134230,97595,33470,10479,3196,171,14.55%,13.09%,38.33%,34.03%,18.71%,1.97%,79.31%,48.12%,34.98%,12.00%,3.76%,1.15%,0.06%
2011,Redcar and Cleveland,E06000003,135177,14651,16638,39840,64048,135177,1242,244,133691,135177,57285,45844,21449,8184,2415,320,10.84%,12.31%,29.47%,47.38%,0.92%,0.18%,98.90%,42.38%,33.91%,15.87%,6.05%,1.79%,0.24%
2011,Redditch,E07000236,84214,10515,10072,29138,34489,84214,4366,393,79455,84214,39391,29354,10913,3522,1034,"1,718",12.49%,11.96%,34.60%,40.95%,5.18%,0.47%,94.35%,46.77%,34.86%,12.96%,4.18%,1.23%,2.04%
2011,Reigate and Banstead,E07000211,137835,17244,15894,45609,59088,137835,9285,1549,127001,137835,71052,46908,14866,3844,1165,892,12.51%,11.53%,33.09%,42.87%,6.74%,1.12%,92.14%,51.55%,34.03%,10.79%,2.79%,0.85%,0.65%
2011,Rhondda Cynon Taff,W06000016,234410,27589,28767,76634,101420,234410,4760,527,229123,234410,105154,69544,37208,17396,5108,380,11.77%,12.27%,32.69%,43.27%,2.03%,0.22%,97.74%,44.86%,29.67%,15.87%,7.42%,2.18%,0.16%
2011,Ribble Valley,E07000124,57132,5984,7363,15272,28513,57132,1103,189,55840,57132,29415,18376,7049,1805,487,735,10.47%,12.89%,26.73%,49.91%,1.93%,0.33%,97.74%,51.49%,32.16%,12.34%,3.16%,0.85%,1.29%
2011,Richmond upon Thames,E09000027,186990,25145,18912,71087,71846,186990,28199,4830,153961,186990,107217,57088,16662,4617,1406,361,13.45%,10.11%,38.02%,38.42%,15.08%,2.58%,82.34%,57.34%,30.53%,8.91%,2.47%,0.75%,0.19%
2011,Richmondshire,E07000166,51965,5720,6478,17088,22679,51965,2273,187,49505,51965,26678,17383,5988,1523,393,234,11.01%,12.47%,32.88%,43.64%,4.37%,0.36%,95.27%,51.34%,33.45%,11.52%,2.93%,0.76%,0.45%
2011,Rochdale,E08000005,211699,27902,28350,71030,84417,211699,10820,1411,199468,211699,94233,70158,31303,12453,3552,256,13.18%,13.39%,33.55%,39.88%,5.11%,0.67%,94.22%,44.51%,33.14%,14.79%,5.88%,1.68%,0.12%
2011,Rochford,E07000075,83287,8737,10271,23940,40339,83287,1311,218,81758,83287,39774,29085,10832,2816,780,333,10.49%,12.33%,28.74%,48.43%,1.57%,0.26%,98.16%,47.76%,34.92%,13.01%,3.38%,0.94%,0.40%
2011,Rossendale,E07000125,67982,8232,8361,21764,29625,67982,1302,259,66421,67982,31438,22508,9603,3475,958,519,12.11%,12.30%,32.01%,43.58%,1.92%,0.38%,97.70%,46.24%,33.11%,14.13%,5.11%,1.41%,0.76%
2011,Rother,E07000064,90588,8095,10157,20035,52301,90588,2552,478,87558,90588,36737,33152,14960,4463,1276,131,8.94%,11.21%,22.12%,57.74%,2.82%,0.53%,96.66%,40.55%,36.60%,16.51%,4.93%,1.41%,0.14%
2011,Rotherham,E08000018,257280,30383,31881,80523,114493,257280,7415,752,249113,257280,111232,87237,39278,15114,4419,304,11.81%,12.39%,31.30%,44.50%,2.88%,0.29%,96.83%,43.23%,33.91%,15.27%,5.87%,1.72%,0.12%
2011,Rugby,E07000220,100075,11917,12323,32391,43444,100075,7637,720,91718,100075,47711,35306,12580,3508,970,373,11.91%,12.31%,32.37%,43.41%,7.63%,0.72%,91.65%,47.68%,35.28%,12.57%,3.51%,0.97%,0.37%
2011,Runnymede,E07000212,80510,8870,9608,28237,33795,80510,9142,1191,70177,80510,41319,27451,8767,2371,602,333,11.02%,11.93%,35.07%,41.98%,11.36%,1.48%,87.17%,51.32%,34.10%,10.89%,2.94%,0.75%,0.41%
2011,Rushcliffe,E07000176,111129,12625,13231,33672,51601,111129,3488,750,106891,111129,57689,36222,12779,3468,971,306,11.36%,11.91%,30.30%,46.43%,3.14%,0.67%,96.19%,51.91%,32.59%,11.50%,3.12%,0.87%,0.28%
2011,Rushmoor,E07000092,93807,12315,11456,36543,33493,93807,10431,822,82554,93807,46970,33340,10099,2625,773,189,13.13%,12.21%,38.96%,35.70%,11.12%,0.88%,88.00%,50.07%,35.54%,10.77%,2.80%,0.82%,0.20%
2011,Rutland,E06000017,37369,3704,5247,10333,18085,37369,1080,294,35995,37369,18828,12718,4532,1008,283,257,9.91%,14.04%,27.65%,48.40%,2.89%,0.79%,96.32%,50.38%,34.03%,12.13%,2.70%,0.76%,0.69%
2011,Ryedale,E07000167,51751,4858,6211,12771,27911,51751,1225,223,50303,51751,23555,18476,7329,1846,545,333,9.39%,12.00%,24.68%,53.93%,2.37%,0.43%,97.20%,45.52%,35.70%,14.16%,3.57%,1.05%,0.64%
2011,Salford,E08000006,233933,29266,28072,89327,87268,233933,19949,1480,212504,233933,107689,75685,32849,13741,3969,319,12.51%,12.00%,38.18%,37.30%,8.53%,0.63%,90.84%,46.03%,32.35%,14.04%,5.87%,1.70%,0.14%
2011,Sandwell,E08000028,308063,42863,39553,108692,116955,308063,27162,2030,278871,308063,129182,107081,48087,18171,5542,351,13.91%,12.84%,35.28%,37.96%,8.82%,0.66%,90.52%,41.93%,34.76%,15.61%,5.90%,1.80%,0.11%
2011,Scarborough,E07000168,108793,10388,12258,28926,57221,108793,3147,365,105281,108793,45241,38721,17588,5712,1531,613,9.55%,11.27%,26.59%,52.60%,2.89%,0.34%,96.77%,41.58%,35.59%,16.17%,5.25%,1.41%,0.56%
2011,Sedgemoor,E07000188,114588,12282,13977,31887,56442,114588,3489,384,110715,114588,51044,40291,16930,4994,1329,487,10.72%,12.20%,27.83%,49.26%,3.04%,0.34%,96.62%,44.55%,35.16%,14.77%,4.36%,1.16%,0.43%
2011,Sefton,E08000014,273790,28369,32314,78436,134671,273790,6933,848,266009,273790,124069,89115,40620,15549,4437,773,10.36%,11.80%,28.65%,49.19%,2.53%,0.31%,97.16%,45.32%,32.55%,14.84%,5.68%,1.62%,0.28%
2011,Selby,E07000169,83449,9434,9859,25388,38768,83449,2274,263,80912,83449,40351,28624,10654,3008,812,495,11.31%,11.81%,30.42%,46.46%,2.73%,0.32%,96.96%,48.35%,34.30%,12.77%,3.60%,0.97%,0.59%
2011,Sevenoaks,E07000111,114893,13909,13970,32843,54171,114893,4929,1091,108873,114893,58796,38344,13180,3569,1004,278,12.11%,12.16%,28.59%,47.15%,4.29%,0.95%,94.76%,51.17%,33.37%,11.47%,3.11%,0.87%,0.24%
2011,Sheffield,E08000019,552698,64314,72502,205206,210676,552698,40453,4078,508167,552698,258250,184343,75733,26703,7669,407,11.64%,13.12%,37.13%,38.12%,7.32%,0.74%,91.94%,46.73%,33.35%,13.70%,4.83%,1.39%,0.07%
2011,Shropshire,E06000051,306129,31330,36866,87596,150337,306129,8270,1102,296757,306129,142309,106909,41475,11979,3457,689,10.23%,12.04%,28.61%,49.11%,2.70%,0.36%,96.94%,46.49%,34.92%,13.55%,3.91%,1.13%,0.23%
2011,Slough,E06000039,140205,22771,17608,58827,40999,140205,32500,2495,105210,140205,67156,50464,16288,4906,1391,455,16.24%,12.56%,41.96%,29.24%,23.18%,1.78%,75.04%,47.90%,35.99%,11.62%,3.50%,0.99%,0.32%
2011,Solihull,E08000029,206674,23266,26517,60447,96444,206674,7296,1171,198207,206674,98197,70683,27056,8241,2497,369,11.26%,12.83%,29.25%,46.66%,3.53%,0.57%,95.90%,47.51%,34.20%,13.09%,3.99%,1.21%,0.18%
2011,South Bucks,E07000006,66867,7748,7987,19251,31881,66867,5147,784,60936,66867,35055,22267,7025,1959,561,199,11.59%,11.94%,28.79%,47.68%,7.70%,1.17%,91.13%,52.42%,33.30%,10.51%,2.93%,0.84%,0.30%
2011,South Cambridgeshire,E07000012,148755,18361,17840,47188,65366,148755,10070,2057,136628,148755,78041,50147,15792,3739,1036,944,12.34%,11.99%,31.72%,43.94%,6.77%,1.38%,91.85%,52.46%,33.71%,10.62%,2.51%,0.70%,0.63%
2011,South Derbyshire,E07000039,94611,11333,11956,30779,40543,94611,1806,391,92414,94611,45075,32550,12348,3647,991,636,11.98%,12.64%,32.53%,42.85%,1.91%,0.41%,97.68%,47.64%,34.40%,13.05%,3.85%,1.05%,0.67%
2011,South Gloucestershire,E06000025,262767,30533,33457,85038,113739,262767,10339,1443,250985,262767,129141,91675,30940,8556,2455,965,11.62%,12.73%,32.36%,43.29%,3.93%,0.55%,95.52%,49.15%,34.89%,11.77%,3.26%,0.93%,0.37%
2011,South Hams,E07000044,83140,7634,9294,19849,46363,83140,1962,533,80645,83140,39414,28574,11075,3156,921,329,9.18%,11.18%,23.87%,55.76%,2.36%,0.64%,97.00%,47.41%,34.37%,13.32%,3.80%,1.11%,0.40%
2011,South Holland,E07000140,88270,8783,9910,25349,44228,88270,6992,296,80982,88270,35771,33149,13968,4167,1215,292,9.95%,11.23%,28.72%,50.11%,7.92%,0.34%,91.74%,40.52%,37.55%,15.82%,4.72%,1.38%,0.33%
2011,South Kesteven,E07000141,133788,14606,16385,38703,64094,133788,5298,618,127872,133788,62625,46999,17767,5005,1392,"1,098",10.92%,12.25%,28.93%,47.91%,3.96%,0.46%,95.58%,46.81%,35.13%,13.28%,3.74%,1.04%,0.82%
2011,South Lakeland,E07000031,103658,9195,11236,26572,56655,103658,3063,429,100166,103658,48461,36385,14117,3701,994,270,8.87%,10.84%,25.63%,54.66%,2.95%,0.41%,96.63%,46.75%,35.10%,13.62%,3.57%,0.96%,0.26%
2011,South Norfolk,E07000149,124012,13193,14822,33936,62061,124012,3066,602,120344,124012,57480,44400,16575,4297,1260,576,10.64%,11.95%,27.37%,50.04%,2.47%,0.49%,97.04%,46.35%,35.80%,13.37%,3.46%,1.02%,0.46%
2011,South Northamptonshire,E07000155,85189,9972,10485,24616,40116,85189,2393,432,82364,85189,43204,29703,9378,2247,657,533,11.71%,12.31%,28.90%,47.09%,2.81%,0.51%,96.68%,50.72%,34.87%,11.01%,2.64%,0.77%,0.63%
2011,South Oxfordshire,E07000179,134257,16056,15951,40949,61301,134257,6990,1384,125883,134257,70571,44779,14409,3517,981,439,11.96%,11.88%,30.50%,45.66%,5.21%,1.03%,93.76%,52.56%,33.35%,10.73%,2.62%,0.73%,0.33%
2011,South Ribble,E07000126,109057,12214,12832,34494,49517,109057,2016,267,106774,109057,52009,37211,14240,4473,1124,904,11.20%,11.77%,31.63%,45.40%,1.85%,0.24%,97.91%,47.69%,34.12%,13.06%,4.10%,1.03%,0.83%
2011,South Somerset,E07000189,161243,17160,19012,44944,80127,161243,5384,710,155149,161243,73277,57906,22282,6115,1663,279,10.64%,11.79%,27.87%,49.69%,3.34%,0.44%,96.22%,45.45%,35.91%,13.82%,3.79%,1.03%,0.17%
2011,South Staffordshire,E07000196,108131,10088,12891,30304,54848,108131,1353,248,106530,108131,49032,38390,14901,4435,1373,276,9.33%,11.92%,28.03%,50.72%,1.25%,0.23%,98.52%,45.34%,35.50%,13.78%,4.10%,1.27%,0.26%
2011,South Tyneside,E08000023,148127,15733,17726,45784,68884,148127,2423,286,145418,148127,63345,48861,23700,9394,2827,254,10.62%,11.97%,30.91%,46.50%,1.64%,0.19%,98.17%,42.76%,32.99%,16.00%,6.34%,1.91%,0.17%
2011,Southampton,E06000045,236882,27254,29497,100057,80074,236882,29603,2367,204912,236882,112653,82880,29278,9223,2848,421,11.51%,12.45%,42.24%,33.80%,12.50%,1.00%,86.50%,47.56%,34.99%,12.36%,3.89%,1.20%,0.18%
2011,Southend-on-Sea,E06000033,173658,20711,20378,58043,74526,173658,10349,1238,162071,173658,78341,60929,24420,7778,2190,760,11.93%,11.73%,33.42%,42.92%,5.96%,0.71%,93.33%,45.11%,35.09%,14.06%,4.48%,1.26%,0.44%
2011,Southwark,E09000028,288283,36301,30063,143243,78676,288283,72565,7123,208595,288283,154204,90004,29935,10544,3596,262,12.59%,10.43%,49.69%,27.29%,25.17%,2.47%,72.36%,53.49%,31.22%,10.38%,3.66%,1.25%,0.09%
2011,Spelthorne,E07000213,95598,11182,10571,31819,42026,95598,7775,1020,86803,95598,45929,34239,11509,3085,836,202,11.70%,11.06%,33.28%,43.96%,8.13%,1.07%,90.80%,48.04%,35.82%,12.04%,3.23%,0.87%,0.21%
2011,St Albans,E07000240,140664,19378,16898,46582,57806,140664,10599,2088,127977,140664,77531,44813,13802,3521,997,588,13.78%,12.01%,33.12%,41.10%,7.53%,1.48%,90.98%,55.12%,31.86%,9.81%,2.50%,0.71%,0.42%
2011,St Edmundsbury,E07000204,111008,12698,12803,35480,50027,111008,6185,653,104170,111008,52543,39656,14081,3695,1033,281,11.44%,11.53%,31.96%,45.07%,5.57%,0.59%,93.84%,47.33%,35.72%,12.68%,3.33%,0.93%,0.25%
2011,St. Helens,E08000013,175308,19540,21171,55160,79437,175308,2648,380,172280,175308,78620,55983,26198,11364,3143,594,11.15%,12.08%,31.46%,45.31%,1.51%,0.22%,98.27%,44.85%,31.93%,14.94%,6.48%,1.79%,0.34%
2011,Stafford,E07000197,130869,13590,15053,40490,61736,130869,4570,532,125767,130869,60366,46574,17316,5118,1495,281,10.38%,11.50%,30.94%,47.17%,3.49%,0.41%,96.10%,46.13%,35.59%,13.23%,3.91%,1.14%,0.21%
2011,Staffordshire Moorlands,E07000198,97106,9471,11009,27298,49328,97106,1143,208,95755,97106,42874,34050,14432,4420,1330,333,9.75%,11.34%,28.11%,50.80%,1.18%,0.21%,98.61%,44.15%,35.06%,14.86%,4.55%,1.37%,0.34%
2011,Stevenage,E07000243,83957,10877,10691,29310,33079,83957,5590,761,77606,83957,39514,29953,10652,2984,854,136,12.96%,12.73%,34.91%,39.40%,6.66%,0.91%,92.44%,47.06%,35.68%,12.69%,3.55%,1.02%,0.16%
2011,Stockport,E08000007,283275,33150,33634,88149,128342,283275,9479,1618,272178,283275,135500,94251,37601,12505,3418,489,11.70%,11.87%,31.12%,45.31%,3.35%,0.57%,96.08%,47.83%,33.27%,13.27%,4.41%,1.21%,0.17%
2011,Stockton-on-Tees,E06000004,191610,23295,24276,62788,81251,191610,4294,553,186763,191610,88811,64282,26385,9296,2836,705,12.16%,12.67%,32.77%,42.40%,2.24%,0.29%,97.47%,46.35%,33.55%,13.77%,4.85%,1.48%,0.37%
2011,Stoke-on-Trent,E06000021,249008,31281,30295,86997,100435,249008,12230,1049,235729,249008,104510,86311,38179,15356,4652,263,12.56%,12.17%,34.94%,40.33%,4.91%,0.42%,94.67%,41.97%,34.66%,15.33%,6.17%,1.87%,0.11%
2011,Stratford-on-Avon,E07000221,120485,12141,13586,32336,62422,120485,4340,708,115437,120485,58094,41966,15315,4049,1061,188,10.08%,11.28%,26.84%,51.81%,3.60%,0.59%,95.81%,48.22%,34.83%,12.71%,3.36%,0.88%,0.16%
2011,Stroud,E07000082,112779,12279,13676,31603,55221,112779,3162,647,108970,112779,53779,39711,14441,3783,1065,201,10.89%,12.13%,28.02%,48.96%,2.80%,0.57%,96.62%,47.69%,35.21%,12.80%,3.35%,0.94%,0.18%
2011,Suffolk Coastal,E07000205,124298,12728,14889,31376,65305,124298,3696,693,119909,124298,57526,44087,17122,4427,1136,"1,110",10.24%,11.98%,25.24%,52.54%,2.97%,0.56%,96.47%,46.28%,35.47%,13.77%,3.56%,0.91%,0.89%
2011,Sunderland,E08000024,275506,29511,33142,89508,123345,275506,6821,603,268082,275506,117365,90557,43951,18155,5478,"1,117",10.71%,12.03%,32.49%,44.77%,2.48%,0.22%,97.31%,42.60%,32.87%,15.95%,6.59%,1.99%,0.41%
2011,Surrey Heath,E07000214,86144,10282,10595,27094,38173,86144,5663,1029,79452,86144,46062,28683,8613,2148,638,642,11.94%,12.30%,31.45%,44.31%,6.57%,1.19%,92.23%,53.47%,33.30%,10.00%,2.49%,0.74%,0.75%
2011,Sutton,E09000029,190146,23845,23160,68295,74846,190146,21048,2753,166345,190146,92668,67563,22127,6072,1716,598,12.54%,12.18%,35.92%,39.36%,11.07%,1.45%,87.48%,48.74%,35.53%,11.64%,3.19%,0.90%,0.31%
2011,Swale,E07000113,135835,16719,17490,42312,59314,135835,4592,630,130613,135835,60198,48719,19118,6008,1792,663,12.31%,12.88%,31.15%,43.67%,3.38%,0.46%,96.16%,44.32%,35.87%,14.07%,4.42%,1.32%,0.49%
2011,Swansea,W06000011,239023,25549,29263,81110,103101,239023,11628,1342,226053,239023,116295,69978,33402,14473,4875,316,10.69%,12.24%,33.93%,43.13%,4.86%,0.56%,94.57%,48.65%,29.28%,13.97%,6.06%,2.04%,0.13%
2011,Swindon,E06000030,209156,26356,24857,76272,81671,209156,17952,1587,189617,209156,100931,73591,25056,7556,2022,297,12.60%,11.88%,36.47%,39.05%,8.58%,0.76%,90.66%,48.26%,35.18%,11.98%,3.61%,0.97%,0.14%
2011,Tameside,E08000008,219324,26894,27016,72946,92468,219324,7643,911,210770,219324,96404,73918,33009,12492,3501,339,12.26%,12.32%,33.26%,42.16%,3.48%,0.42%,96.10%,43.96%,33.70%,15.05%,5.70%,1.60%,0.15%
2011,Tamworth,E07000199,76813,9603,9581,26089,31540,76813,1729,210,74874,76813,35029,27064,10314,3399,1007,472,12.50%,12.47%,33.96%,41.06%,2.25%,0.27%,97.48%,45.60%,35.23%,13.43%,4.43%,1.31%,0.61%
2011,Tandridge,E07000215,82998,9601,10375,24157,38865,82998,3667,730,78601,82998,41916,28514,9450,2403,715,217,11.57%,12.50%,29.11%,46.83%,4.42%,0.88%,94.70%,50.50%,34.36%,11.39%,2.90%,0.86%,0.26%
2011,Taunton Deane,E07000190,110187,12109,13611,32517,51950,110187,4583,631,104973,110187,51946,38014,14854,4225,1148,316,10.99%,12.35%,29.51%,47.15%,4.16%,0.57%,95.27%,47.14%,34.50%,13.48%,3.83%,1.04%,0.29%
2011,Teignbridge,E07000045,124220,12025,14123,32083,65989,124220,2746,589,120885,124220,55819,43342,18237,5268,1554,278,9.68%,11.37%,25.83%,53.12%,2.21%,0.47%,97.32%,44.94%,34.89%,14.68%,4.24%,1.25%,0.22%
2011,Telford and Wrekin,E06000020,166641,21351,22090,56080,67120,166641,6961,609,159071,166641,76439,57198,22609,8023,2372,76,12.81%,13.26%,33.65%,40.28%,4.18%,0.37%,95.46%,45.87%,34.32%,13.57%,4.81%,1.42%,0.05%
2011,Tendring,E07000076,138048,13255,15641,33547,75605,138048,2912,403,134733,138048,53035,49451,25052,8048,2462,388,9.60%,11.33%,24.30%,54.77%,2.11%,0.29%,97.60%,38.42%,35.82%,18.15%,5.83%,1.78%,0.28%
2011,Test Valley,E07000093,116398,13307,14198,33759,55134,116398,4377,731,111290,116398,58222,40262,13530,3457,927,289,11.43%,12.20%,29.00%,47.37%,3.76%,0.63%,95.61%,50.02%,34.59%,11.62%,2.97%,0.80%,0.25%
2011,Tewkesbury,E07000083,81943,8943,9156,24091,39753,81943,2713,392,78838,81943,39036,29183,10213,2703,808,199,10.91%,11.17%,29.40%,48.51%,3.31%,0.48%,96.21%,47.64%,35.61%,12.46%,3.30%,0.99%,0.24%
2011,Thanet,E07000114,134186,15334,17163,37808,63881,134186,7206,754,126226,134186,54640,47109,22377,7785,2275,343,11.43%,12.79%,28.18%,47.61%,5.37%,0.56%,94.07%,40.72%,35.11%,16.68%,5.80%,1.70%,0.26%
2011,Three Rivers,E07000102,87317,10682,10972,27342,38321,87317,5850,946,80521,87317,44267,29873,9772,2672,733,413,12.23%,12.57%,31.31%,43.89%,6.70%,1.08%,92.22%,50.70%,34.21%,11.19%,3.06%,0.84%,0.47%
2011,Thurrock,E06000034,157705,22236,19802,57532,58135,157705,12019,1180,144506,157705,76012,54788,19389,5888,1628,"1,327",14.10%,12.56%,36.48%,36.86%,7.62%,0.75%,91.63%,48.20%,34.74%,12.29%,3.73%,1.03%,0.84%
2011,Tonbridge and Malling,E07000115,120805,15115,16247,36525,52918,120805,4150,828,115827,120805,60306,41475,14263,3728,1033,991,12.51%,13.45%,30.23%,43.80%,3.44%,0.69%,95.88%,49.92%,34.33%,11.81%,3.09%,0.86%,0.82%
2011,Torbay,E06000027,130959,12967,14661,35534,67797,130959,3755,592,126612,130959,54614,45098,21355,7625,2267,234,9.90%,11.20%,27.13%,51.77%,2.87%,0.45%,96.68%,41.70%,34.44%,16.31%,5.82%,1.73%,0.18%
2011,Torfaen,W06000020,91075,10414,11698,27871,41092,91075,1271,203,89601,91075,39398,29619,14155,5965,1938,387,11.43%,12.84%,30.60%,45.12%,1.40%,0.22%,98.38%,43.26%,32.52%,15.54%,6.55%,2.13%,0.42%
2011,Torridge,E07000046,63839,6248,7124,16162,34305,63839,1072,201,62566,63839,27787,22242,9843,3128,839,"1,110",9.79%,11.16%,25.32%,53.74%,1.68%,0.31%,98.01%,43.53%,34.84%,15.42%,4.90%,1.31%,1.74%
2011,Tower Hamlets,E09000030,254096,34281,27825,141220,50770,254096,64444,6177,183475,254096,128468,83209,27062,11228,4129,247,13.49%,10.95%,55.58%,19.98%,25.36%,2.43%,72.21%,50.56%,32.75%,10.65%,4.42%,1.62%,0.10%
2011,Trafford,E08000009,226578,28902,27602,74761,95313,226578,13770,1827,210981,226578,115496,71694,27549,9273,2566,323,12.76%,12.18%,33.00%,42.07%,6.08%,0.81%,93.12%,50.97%,31.64%,12.16%,4.09%,1.13%,0.14%
2011,Tunbridge Wells,E07000116,115049,14284,14875,36662,49228,115049,6423,1161,107465,115049,59156,38656,12788,3550,899,969,12.42%,12.93%,31.87%,42.79%,5.58%,1.01%,93.41%,51.42%,33.60%,11.12%,3.09%,0.78%,0.84%
2011,Uttlesford,E07000077,79443,9581,10386,22957,36519,79443,3310,611,75522,79443,41746,26483,8620,2067,527,230,12.06%,13.07%,28.90%,45.97%,4.17%,0.77%,95.06%,52.55%,33.34%,10.85%,2.60%,0.66%,0.29%
2011,Vale of Glamorgan,W06000014,126336,14251,16054,37932,58099,126336,3003,628,122705,126336,60656,40486,17123,6191,1880,271,11.28%,12.71%,30.02%,45.99%,2.38%,0.50%,97.13%,48.01%,32.05%,13.55%,4.90%,1.49%,0.21%
2011,Vale of White Horse,E07000180,120988,14138,14784,37063,55003,120988,6961,1323,112704,120988,62738,41117,13063,3163,907,359,11.69%,12.22%,30.63%,45.46%,5.75%,1.09%,93.15%,51.85%,33.98%,10.80%,2.61%,0.75%,0.30%
2011,Wakefield,E08000036,325837,37188,38793,105650,144206,325837,11385,988,313464,325837,139288,110920,50595,19507,5527,438,11.41%,11.91%,32.42%,44.26%,3.49%,0.30%,96.20%,42.75%,34.04%,15.53%,5.99%,1.70%,0.13%
2011,Walsall,E08000030,269323,35344,34933,87787,111259,269323,12190,1341,255792,269323,113525,94650,41653,14968,4527,506,13.12%,12.97%,32.60%,41.31%,4.53%,0.50%,94.98%,42.15%,35.14%,15.47%,5.56%,1.68%,0.19%
2011,Waltham Forest,E09000031,258249,37302,30001,112635,78311,258249,63860,5906,188483,258249,121652,91954,31133,10053,3457,330,14.44%,11.62%,43.61%,30.32%,24.73%,2.29%,72.98%,47.11%,35.61%,12.06%,3.89%,1.34%,0.13%
2011,Wandsworth,E09000032,306995,36244,24924,164719,81108,306995,71203,8059,227733,306995,176198,91935,27299,8749,2814,483,11.81%,8.12%,53.66%,26.42%,23.19%,2.63%,74.18%,57.39%,29.95%,8.89%,2.85%,0.92%,0.16%
